pair,jaccard
current_vs_l1b,0.7143532377501182
current_vs_l1a,0.05846976277981958
l1b_vs_l1a,0.06757728253055356
